Area,study,Date,Year,Month,Week Number,Date,Day of Week,Hour,Extremely Negative,Extremely Negative %,Negative,Negative %,Positive,Positive %,Extremely Positive,Extremely Positive %,Total,Index,Net Promoter Score(tm),Red %,Green %
Area,How well did we succeed today,12/09/2016,2016,September,37,12,monday,-,9,3.2,19,6.76,102,36.3,151,53.74,281,80,44,9.96,90.04
Area,How well did we succeed today,13/09/2016,2016,September,37,13,tuesday,-,14,4.33,26,8.05,113,34.98,170,52.63,323,79,40,12.38,87.62
Area,How well did we succeed today,14/09/2016,2016,September,37,14,wednesday,-,11,3.44,11,3.44,112,35,186,58.13,320,83,51,6.88,93.13
Area,How well did we succeed today,15/09/2016,2016,September,37,15,thursday,-,22,6.13,31,8.64,129,35.93,177,49.3,359,76,35,14.76,85.24
Area,How well did we succeed today,16/09/2016,2016,September,37,16,friday,-,12,3.29,19,5.21,117,32.05,217,59.45,365,83,51,8.49,91.51
Area,How well did we succeed today,19/09/2016,2016,September,38,19,monday,-,12,2.86,24,5.73,171,40.81,212,50.6,419,80,42,8.59,91.41
Area,How well did we succeed today,20/09/2016,2016,September,38,20,tuesday,-,7,1.75,23,5.74,147,36.66,224,55.86,401,82,48,7.48,92.52
Area,How well did we succeed today,21/09/2016,2016,September,38,21,wednesday,-,9,2.34,18,4.68,128,33.25,230,59.74,385,83,53,7.01,92.99
Area,How well did we succeed today,22/09/2016,2016,September,38,22,thursday,-,18,3.8,22,4.64,160,33.76,274,57.81,474,82,49,8.44,91.56
Area,How well did we succeed today,23/09/2016,2016,September,38,23,friday,-,9,2.49,15,4.14,123,33.98,215,59.39,362,83,53,6.63,93.37
Area,How well did we succeed today,26/09/2016,2016,September,39,26,monday,-,19,4.42,35,8.14,154,35.81,222,51.63,430,78,39,12.56,87.44
Area,How well did we succeed today,27/09/2016,2016,September,39,27,tuesday,-,13,2.98,31,7.11,140,32.11,252,57.8,436,82,48,10.09,89.91
Area,How well did we succeed today,28/09/2016,2016,September,39,28,wednesday,-,11,1.99,38,6.88,194,35.14,309,55.98,552,82,47,8.88,91.12
Area,How well did we succeed today,29/09/2016,2016,September,39,29,thursday,-,18,3.28,31,5.66,194,35.4,305,55.66,548,81,47,8.94,91.06
Area,How well did we succeed today,30/09/2016,2016,September,39,30,friday,-,10,2,16,3.2,149,29.8,325,65,500,86,60,5.2,94.8
Area,How well did we succeed today,03/10/2016,2016,October,40,03,monday,-,13,2.49,38,7.28,196,37.55,275,52.68,522,80,43,9.77,90.23
Area,How well did we succeed today,04/10/2016,2016,October,40,04,tuesday,-,20,3.53,48,8.47,202,35.63,297,52.38,567,79,40,11.99,88.01
Area,How well did we succeed today,05/10/2016,2016,October,40,05,wednesday,-,16,2.73,38,6.48,211,36.01,321,54.78,586,81,46,9.22,90.78
Area,How well did we succeed today,06/10/2016,2016,October,40,06,thursday,-,29,5.23,37,6.67,183,32.97,306,55.14,555,79,43,11.89,88.11
Area,How well did we succeed today,07/10/2016,2016,October,40,07,friday,-,14,2.84,24,4.87,176,35.7,279,56.59,493,82,49,7.71,92.29
Area,How well did we succeed today,10/10/2016,2016,October,41,10,monday,-,19,3.22,29,4.92,205,34.75,337,57.12,590,82,49,8.14,91.86
Area,How well did we succeed today,11/10/2016,2016,October,41,11,tuesday,-,19,3.07,40,6.47,233,37.7,326,52.75,618,80,43,9.55,90.45
Area,How well did we succeed today,12/10/2016,2016,October,41,12,wednesday,-,24,3.91,38,6.19,216,35.18,336,54.72,614,80,45,10.1,89.9
Area,How well did we succeed today,13/10/2016,2016,October,41,13,thursday,-,17,2.88,43,7.29,213,36.1,317,53.73,590,80,44,10.17,89.83
Area,How well did we succeed today,14/10/2016,2016,October,41,14,friday,-,11,2.08,28,5.29,172,32.51,318,60.11,529,84,53,7.37,92.63
Area,How well did we succeed today,17/10/2016,2016,October,42,17,monday,-,16,2.91,45,8.18,200,36.36,289,52.55,550,80,41,11.09,88.91
Area,How well did we succeed today,18/10/2016,2016,October,42,18,tuesday,-,17,2.68,42,6.61,226,35.59,350,55.12,635,81,46,9.29,90.71
Area,How well did we succeed today,19/10/2016,2016,October,42,19,wednesday,-,17,2.81,62,10.23,224,36.96,303,50,606,78,37,13.04,86.96
Area,How well did we succeed today,20/10/2016,2016,October,42,20,thursday,-,22,3.58,45,7.33,230,37.46,317,51.63,614,79,41,10.91,89.09
Area,How well did we succeed today,21/10/2016,2016,October,42,21,friday,-,11,2.39,25,5.42,138,29.93,287,62.26,461,84,54,7.81,92.19
Area,How well did we succeed today,24/10/2016,2016,October,43,24,monday,-,14,3.37,30,7.23,154,37.11,217,52.29,415,79,42,10.6,89.4
Area,How well did we succeed today,25/10/2016,2016,October,43,25,tuesday,-,6,1.64,20,5.48,141,38.63,198,54.25,365,82,47,7.12,92.88
Area,How well did we succeed today,26/10/2016,2016,October,43,26,wednesday,-,13,2.72,38,7.95,176,36.82,251,52.51,478,80,42,10.67,89.33
Area,How well did we succeed today,27/10/2016,2016,October,43,27,thursday,-,20,3.86,37,7.14,178,34.36,283,54.63,518,80,44,11,89
Area,How well did we succeed today,28/10/2016,2016,October,43,28,friday,-,10,2.16,39,8.41,141,30.39,274,59.05,464,82,48,10.56,89.44
Area,How well did we succeed today,31/10/2016,2016,October,44,31,monday,-,16,2.73,54,9.22,224,38.23,292,49.83,586,78,38,11.95,88.05
Area,How well did we succeed today,01/11/2016,2016,November,44,01,tuesday,-,15,2.37,38,6.01,215,34.02,364,57.59,632,82,49,8.39,91.61
Area,How well did we succeed today,02/11/2016,2016,November,44,02,wednesday,-,18,2.55,41,5.82,253,35.89,393,55.74,705,82,47,8.37,91.63
Area,How well did we succeed today,03/11/2016,2016,November,44,03,thursday,-,17,2.52,39,5.79,226,33.53,392,58.16,674,82,50,8.31,91.69
Area,How well did we succeed today,04/11/2016,2016,November,44,04,friday,-,17,2.9,45,7.68,191,32.59,333,56.83,586,81,46,10.58,89.42
Area,How well did we succeed today,07/11/2016,2016,November,45,07,monday,-,18,3.01,52,8.68,233,38.9,296,49.42,599,78,38,11.69,88.31
Area,How well did we succeed today,08/11/2016,2016,November,45,08,tuesday,-,27,4.21,39,6.08,237,36.97,338,52.73,641,79,42,10.3,89.7
Area,How well did we succeed today,09/11/2016,2016,November,45,09,wednesday,-,12,1.92,32,5.13,234,37.5,346,55.45,624,82,48,7.05,92.95
Area,How well did we succeed today,10/11/2016,2016,November,45,10,thursday,-,21,3.23,37,5.68,230,35.33,363,55.76,651,81,47,8.91,91.09
Area,How well did we succeed today,11/11/2016,2016,November,45,11,friday,-,11,1.94,27,4.76,179,31.57,350,61.73,567,84,55,6.7,93.3
Area,How well did we succeed today,14/11/2016,2016,November,46,14,monday,-,16,2.44,42,6.4,263,40.09,335,51.07,656,80,42,8.84,91.16
Area,How well did we succeed today,15/11/2016,2016,November,46,15,tuesday,-,16,2.33,36,5.25,255,37.17,379,55.25,686,82,48,7.58,92.42
Area,How well did we succeed today,16/11/2016,2016,November,46,16,wednesday,-,19,2.69,52,7.37,255,36.12,380,53.82,706,80,44,10.06,89.94
Area,How well did we succeed today,17/11/2016,2016,November,46,17,thursday,-,18,2.7,50,7.5,253,37.93,346,51.87,667,80,42,10.19,89.81
Area,How well did we succeed today,18/11/2016,2016,November,46,18,friday,-,13,2.15,31,5.12,218,36.03,343,56.69,605,82,49,7.27,92.73
Area,How well did we succeed today,21/11/2016,2016,November,47,21,monday,-,18,2.85,49,7.77,249,39.46,315,49.92,631,79,39,10.62,89.38
Area,How well did we succeed today,22/11/2016,2016,November,47,22,tuesday,-,17,2.56,42,6.33,241,36.35,363,54.75,663,81,46,8.9,91.1
Area,How well did we succeed today,23/11/2016,2016,November,47,23,wednesday,-,20,3.03,44,6.67,245,37.12,351,53.18,660,80,43,9.7,90.3
Area,How well did we succeed today,24/11/2016,2016,November,47,24,thursday,-,27,4.45,44,7.25,188,30.97,348,57.33,607,80,46,11.7,88.3
Area,How well did we succeed today,25/11/2016,2016,November,47,25,friday,-,19,3.2,35,5.9,196,33.05,343,57.84,593,82,49,9.11,90.89
Area,How well did we succeed today,28/11/2016,2016,November,48,28,monday,-,13,2.03,37,5.79,274,42.88,315,49.3,639,80,41,7.82,92.18
Area,How well did we succeed today,29/11/2016,2016,November,48,29,tuesday,-,20,2.98,49,7.3,203,30.25,399,59.46,671,82,49,10.28,89.72
Area,How well did we succeed today,30/11/2016,2016,November,48,30,wednesday,-,20,3.17,27,4.28,226,35.82,358,56.74,631,82,49,7.45,92.55
Area,How well did we succeed today,01/12/2016,2016,December,48,01,thursday,-,7,1.22,36,6.29,186,32.52,343,59.97,572,84,52,7.52,92.48
Area,How well did we succeed today,02/12/2016,2016,December,48,02,friday,-,10,1.92,28,5.38,171,32.88,311,59.81,520,84,53,7.31,92.69
Area,How well did we succeed today,05/12/2016,2016,December,49,05,monday,-,43,9.29,50,10.8,176,38.01,194,41.9,463,71,22,20.09,79.91
Area,How well did we succeed today,07/12/2016,2016,December,49,07,wednesday,-,17,2.68,52,8.2,266,41.96,299,47.16,634,78,36,10.88,89.12
Area,How well did we succeed today,08/12/2016,2016,December,49,08,thursday,-,23,3.51,66,10.08,240,36.64,326,49.77,655,78,36,13.59,86.41
Area,How well did we succeed today,09/12/2016,2016,December,49,09,friday,-,27,4.72,48,8.39,222,38.81,275,48.08,572,77,35,13.11,86.89
Area,How well did we succeed today,12/12/2016,2016,December,50,12,monday,-,10,1.76,40,7.03,237,41.65,282,49.56,569,80,41,8.79,91.21
Area,How well did we succeed today,13/12/2016,2016,December,50,13,tuesday,-,19,2.87,48,7.26,265,40.09,329,49.77,661,79,40,10.14,89.86
Area,How well did we succeed today,14/12/2016,2016,December,50,14,wednesday,-,15,2.47,33,5.43,152,25,408,67.11,608,86,59,7.89,92.11
Area,How well did we succeed today,15/12/2016,2016,December,50,15,thursday,-,10,1.8,41,7.39,212,38.2,292,52.61,555,81,43,9.19,90.81
Area,How well did we succeed today,16/12/2016,2016,December,50,16,friday,-,14,2.93,22,4.6,172,35.98,270,56.49,478,82,49,7.53,92.47
Area,How well did we succeed today,19/12/2016,2016,December,51,19,monday,-,9,2.26,35,8.79,167,41.96,187,46.98,398,78,36,11.06,88.94
Area,How well did we succeed today,20/12/2016,2016,December,51,20,tuesday,-,16,4.38,31,8.49,131,35.89,187,51.23,365,78,38,12.88,87.12
Area,How well did we succeed today,21/12/2016,2016,December,51,21,wednesday,-,6,1.85,20,6.17,120,37.04,178,54.94,324,82,47,8.02,91.98
Area,How well did we succeed today,22/12/2016,2016,December,51,22,thursday,-,16,6.43,13,5.22,95,38.15,125,50.2,249,77,39,11.65,88.35
Area,How well did we succeed today,23/12/2016,2016,December,51,23,friday,-,2,2.25,5,5.62,17,19.1,65,73.03,89,88,65,7.87,92.13
Area,How well did we succeed today,27/12/2016,2016,December,52,27,tuesday,-,4,4.6,10,11.49,30,34.48,43,49.43,87,76,33,16.09,83.91
Area,How well did we succeed today,28/12/2016,2016,December,52,28,wednesday,-,3,2.65,8,7.08,36,31.86,66,58.41,113,82,49,9.73,90.27
Area,How well did we succeed today,29/12/2016,2016,December,52,29,thursday,-,4,3.1,9,6.98,39,30.23,77,59.69,129,82,50,10.08,89.92
Area,How well did we succeed today,30/12/2016,2016,December,52,30,friday,-,4,3.05,9,6.87,39,29.77,79,60.31,131,82,50,9.92,90.08
Area,How well did we succeed today,02/01/2017,2017,January,1,02,monday,-,11,6.11,13,7.22,77,42.78,79,43.89,180,75,31,13.33,86.67
Area,How well did we succeed today,03/01/2017,2017,January,1,03,tuesday,-,8,4.23,18,9.52,62,32.8,101,53.44,189,78,40,13.76,86.24
Area,How well did we succeed today,04/01/2017,2017,January,1,04,wednesday,-,6,3.02,23,11.56,73,36.68,97,48.74,199,77,34,14.57,85.43
Area,How well did we succeed today,05/01/2017,2017,January,1,05,thursday,-,6,3.09,17,8.76,71,36.6,100,51.55,194,79,40,11.86,88.14
Area,How well did we succeed today,09/01/2017,2017,January,2,09,monday,-,7,2.39,23,7.85,115,39.25,148,50.51,293,79,40,10.24,89.76
Area,How well did we succeed today,10/01/2017,2017,January,2,10,tuesday,-,11,2.78,18,4.55,137,34.6,230,58.08,396,83,51,7.32,92.68
Area,How well did we succeed today,11/01/2017,2017,January,2,11,wednesday,-,4,1.09,14,3.8,124,33.7,226,61.41,368,85,57,4.89,95.11
Area,How well did we succeed today,12/01/2017,2017,January,2,12,thursday,-,10,2.67,36,9.6,131,34.93,198,52.8,375,79,41,12.27,87.73
Area,How well did we succeed today,13/01/2017,2017,January,2,13,friday,-,10,2.54,20,5.09,123,31.3,240,61.07,393,84,53,7.63,92.37
Area,How well did we succeed today,16/01/2017,2017,January,3,16,monday,-,13,1.91,34,4.99,266,39,369,54.11,682,82,47,6.89,93.11
Area,How well did we succeed today,17/01/2017,2017,January,3,17,tuesday,-,18,2.49,37,5.12,273,37.76,395,54.63,723,82,47,7.61,92.39
Area,How well did we succeed today,18/01/2017,2017,January,3,18,wednesday,-,19,2.77,54,7.86,250,36.39,364,52.98,687,80,42,10.63,89.37
Area,How well did we succeed today,19/01/2017,2017,January,3,19,thursday,-,15,2.21,41,6.05,275,40.56,347,51.18,678,80,43,8.26,91.74
Area,How well did we succeed today,20/01/2017,2017,January,3,20,friday,-,16,2.52,21,3.3,204,32.08,395,62.11,636,85,56,5.82,94.18
Area,How well did we succeed today,23/01/2017,2017,January,4,23,monday,-,21,3.06,48,7,261,38.05,356,51.9,686,80,42,10.06,89.94
Area,How well did we succeed today,24/01/2017,2017,January,4,24,tuesday,-,26,3.62,49,6.82,250,34.77,394,54.8,719,80,44,10.43,89.57
Area,How well did we succeed today,25/01/2017,2017,January,4,25,wednesday,-,24,3.4,47,6.66,238,33.71,397,56.23,706,81,46,10.06,89.94
Area,How well did we succeed today,26/01/2017,2017,January,4,26,thursday,-,17,2.49,31,4.54,229,33.53,406,59.44,683,83,52,7.03,92.97
Area,How well did we succeed today,27/01/2017,2017,January,4,27,friday,-,24,3.74,40,6.23,208,32.4,370,57.63,642,81,48,9.97,90.03
Area,How well did we succeed today,30/01/2017,2017,January,5,30,monday,-,10,1.51,38,5.75,250,37.82,363,54.92,661,82,48,7.26,92.74
Area,How well did we succeed today,31/01/2017,2017,January,5,31,tuesday,-,26,3.48,53,7.09,279,37.3,390,52.14,748,79,42,10.56,89.44
Area,How well did we succeed today,01/02/2017,2017,February,5,01,wednesday,-,14,2.08,36,5.36,236,35.12,386,57.44,672,83,50,7.44,92.56
Area,How well did we succeed today,02/02/2017,2017,February,5,02,thursday,-,14,2.34,27,4.52,228,38.13,329,55.02,598,82,48,6.86,93.14
Area,How well did we succeed today,03/02/2017,2017,February,5,03,friday,-,13,2.25,22,3.81,202,34.95,341,59,578,84,53,6.06,93.94
Area,How well did we succeed today,06/02/2017,2017,February,6,06,monday,-,27,5.13,36,6.84,188,35.74,275,52.28,526,78,40,11.98,88.02
Area,How well did we succeed today,07/02/2017,2017,February,6,07,tuesday,-,12,1.97,43,7.05,215,35.25,340,55.74,610,82,47,9.02,90.98
Area,How well did we succeed today,08/02/2017,2017,February,6,08,wednesday,-,14,2.25,31,4.98,235,37.78,342,54.98,622,82,48,7.23,92.77
Area,How well did we succeed today,09/02/2017,2017,February,6,09,thursday,-,12,2.01,33,5.53,206,34.51,346,57.96,597,83,50,7.54,92.46
Area,How well did we succeed today,10/02/2017,2017,February,6,10,friday,-,8,1.51,30,5.67,171,32.33,320,60.49,529,84,53,7.18,92.82
Area,How well did we succeed today,13/02/2017,2017,February,7,13,monday,-,18,2.94,28,4.57,245,39.97,322,52.53,613,81,45,7.5,92.5
Area,How well did we succeed today,14/02/2017,2017,February,7,14,tuesday,-,14,2.28,35,5.69,236,38.37,330,53.66,615,81,46,7.97,92.03
Area,How well did we succeed today,15/02/2017,2017,February,7,15,wednesday,-,19,3.04,35,5.59,225,35.94,347,55.43,626,81,47,8.63,91.37
Area,How well did we succeed today,16/02/2017,2017,February,7,16,thursday,-,16,2.69,24,4.04,248,41.75,306,51.52,594,81,45,6.73,93.27
Area,How well did we succeed today,17/02/2017,2017,February,7,17,friday,-,15,2.77,22,4.06,170,31.37,335,61.81,542,84,55,6.83,93.17
Area,How well did we succeed today,20/02/2017,2017,February,8,20,monday,-,12,2.36,35,6.88,200,39.29,262,51.47,509,80,42,9.23,90.77
Area,How well did we succeed today,21/02/2017,2017,February,8,21,tuesday,-,19,3.07,35,5.66,236,38.19,328,53.07,618,80,44,8.74,91.26
Area,How well did we succeed today,22/02/2017,2017,February,8,22,wednesday,-,12,2.49,22,4.56,173,35.89,275,57.05,482,83,50,7.05,92.95
Area,How well did we succeed today,23/02/2017,2017,February,8,23,thursday,-,4,0.88,14,3.06,147,32.17,292,63.89,457,86,60,3.94,96.06
Area,How well did we succeed today,24/02/2017,2017,February,8,24,friday,-,5,1.18,17,4,140,32.94,263,61.88,425,85,57,5.18,94.82
Area,How well did we succeed today,27/02/2017,2017,February,9,27,monday,-,37,6.98,42,7.92,170,32.08,281,53.02,530,77,38,14.91,85.09
Area,How well did we succeed today,28/02/2017,2017,February,9,28,tuesday,-,11,1.98,26,4.68,203,36.51,316,56.83,556,83,50,6.65,93.35
Area,How well did we succeed today,01/03/2017,2017,March,9,01,wednesday,-,20,3.55,42,7.46,202,35.88,299,53.11,563,80,42,11.01,88.99
Area,How well did we succeed today,02/03/2017,2017,March,9,02,thursday,-,19,3.28,49,8.45,197,33.97,315,54.31,580,80,43,11.72,88.28
Area,How well did we succeed today,03/03/2017,2017,March,9,03,friday,-,17,3.37,37,7.34,170,33.73,280,55.56,504,80,45,10.71,89.29
Area,How well did we succeed today,06/03/2017,2017,March,10,06,monday,-,11,2.51,30,6.85,192,43.84,205,46.8,438,78,37,9.36,90.64
Area,How well did we succeed today,07/03/2017,2017,March,10,07,tuesday,-,11,2.49,16,3.62,171,38.69,244,55.2,442,82,49,6.11,93.89
Area,How well did we succeed today,08/03/2017,2017,March,10,08,wednesday,-,13,2.97,27,6.18,148,33.87,249,56.98,437,82,48,9.15,90.85
Area,How well did we succeed today,09/03/2017,2017,March,10,09,thursday,-,9,1.99,15,3.32,171,37.83,257,56.86,452,83,52,5.31,94.69
Area,How well did we succeed today,10/03/2017,2017,March,10,10,friday,-,5,1.42,11,3.13,119,33.9,216,61.54,351,85,57,4.56,95.44
Area,How well did we succeed today,13/03/2017,2017,March,11,13,monday,-,8,1.3,31,5.04,223,36.26,353,57.4,615,83,51,6.34,93.66
Area,How well did we succeed today,14/03/2017,2017,March,11,14,tuesday,-,25,3.99,37,5.91,230,36.74,334,53.35,626,80,43,9.9,90.1
Area,How well did we succeed today,15/03/2017,2017,March,11,15,wednesday,-,11,1.79,40,6.53,211,34.42,351,57.26,613,82,49,8.32,91.68
Area,How well did we succeed today,16/03/2017,2017,March,11,16,thursday,-,17,2.87,28,4.73,195,32.94,352,59.46,592,83,52,7.6,92.4
Area,How well did we succeed today,17/03/2017,2017,March,11,17,friday,-,14,2.63,27,5.07,190,35.65,302,56.66,533,82,49,7.69,92.31
Area,How well did we succeed today,20/03/2017,2017,March,12,20,monday,-,13,2.12,42,6.86,252,41.18,305,49.84,612,80,41,8.99,91.01
Area,How well did we succeed today,21/03/2017,2017,March,12,21,tuesday,-,16,2.48,42,6.5,240,37.15,348,53.87,646,81,45,8.98,91.02
Area,How well did we succeed today,22/03/2017,2017,March,12,22,wednesday,-,20,2.87,38,5.45,253,36.3,386,55.38,697,81,47,8.32,91.68
Area,How well did we succeed today,23/03/2017,2017,March,12,23,thursday,-,13,1.99,16,2.45,220,33.74,403,61.81,652,85,57,4.45,95.55
Area,How well did we succeed today,24/03/2017,2017,March,12,24,friday,-,27,4.38,48,7.78,205,33.23,337,54.62,617,79,42,12.16,87.84
Area,How well did we succeed today,27/03/2017,2017,March,13,27,monday,-,12,1.82,45,6.84,250,37.99,351,53.34,658,81,45,8.66,91.34
Area,How well did we succeed today,28/03/2017,2017,March,13,28,tuesday,-,14,2.05,39,5.7,253,36.99,378,55.26,684,82,48,7.75,92.25
Area,How well did we succeed today,29/03/2017,2017,March,13,29,wednesday,-,9,1.4,29,4.5,216,33.49,391,60.62,645,84,55,5.89,94.11
Area,How well did we succeed today,30/03/2017,2017,March,13,30,thursday,-,14,2.23,39,6.22,205,32.7,369,58.85,627,83,50,8.45,91.55
Area,How well did we succeed today,31/03/2017,2017,March,13,31,friday,-,10,1.75,26,4.56,192,33.68,342,60,570,84,54,6.32,93.68
Area,How well did we succeed today,03/04/2017,2017,April,14,03,monday,-,14,2.01,50,7.16,248,35.53,386,55.3,698,81,46,9.17,90.83
Area,How well did we succeed today,04/04/2017,2017,April,14,04,tuesday,-,11,1.63,40,5.93,236,35.01,387,57.42,674,83,50,7.57,92.43
Area,How well did we succeed today,05/04/2017,2017,April,14,05,wednesday,-,7,1.11,29,4.6,213,33.76,382,60.54,631,85,55,5.71,94.29
Area,How well did we succeed today,06/04/2017,2017,April,14,06,thursday,-,8,1.22,21,3.21,229,34.96,397,60.61,655,85,56,4.43,95.57
Area,How well did we succeed today,07/04/2017,2017,April,14,07,friday,-,15,2.71,19,3.44,173,31.28,346,62.57,553,85,56,6.15,93.85
Area,How well did we succeed today,10/04/2017,2017,April,15,10,monday,-,16,2.53,41,6.49,263,41.61,312,49.37,632,79,40,9.02,90.98
Area,How well did we succeed today,11/04/2017,2017,April,15,11,tuesday,-,19,3.13,36,5.92,212,34.87,341,56.09,608,81,47,9.05,90.95
Area,How well did we succeed today,12/04/2017,2017,April,15,12,wednesday,-,8,1.44,24,4.32,201,36.22,322,58.02,555,84,52,5.77,94.23
Area,How well did we succeed today,13/04/2017,2017,April,15,13,thursday,-,5,1.49,19,5.65,109,32.44,203,60.42,336,84,53,7.14,92.86
Area,How well did we succeed today,18/04/2017,2017,April,16,18,tuesday,-,4,0.94,17,4.01,168,39.62,235,55.42,424,83,50,4.95,95.05
Area,How well did we succeed today,19/04/2017,2017,April,16,19,wednesday,-,5,0.96,23,4.42,182,35,310,59.62,520,84,54,5.38,94.62
Area,How well did we succeed today,20/04/2017,2017,April,16,20,thursday,-,17,2.72,27,4.31,224,35.78,358,57.19,626,82,50,7.03,92.97
Area,How well did we succeed today,21/04/2017,2017,April,16,21,friday,-,7,1.21,30,5.19,180,31.14,361,62.46,578,85,56,6.4,93.6
Area,How well did we succeed today,24/04/2017,2017,April,17,24,monday,-,16,2.5,31,4.85,232,36.31,360,56.34,639,82,49,7.36,92.64
Area,How well did we succeed today,25/04/2017,2017,April,17,25,tuesday,-,14,2.21,33,5.21,219,34.54,368,58.04,634,83,51,7.41,92.59
Area,How well did we succeed today,26/04/2017,2017,April,17,26,wednesday,-,10,1.72,21,3.6,198,33.96,354,60.72,583,85,55,5.32,94.68
Area,How well did we succeed today,27/04/2017,2017,April,17,27,thursday,-,21,3.34,44,7,205,32.59,359,57.07,629,81,47,10.33,89.67
Area,How well did we succeed today,28/04/2017,2017,April,17,28,friday,-,12,2.17,25,4.52,145,26.22,371,67.09,553,86,60,6.69,93.31
Area,How well did we succeed today,02/05/2017,2017,May,18,02,tuesday,-,13,2.18,34,5.7,196,32.83,354,59.3,597,83,51,7.87,92.13
Area,How well did we succeed today,03/05/2017,2017,May,18,03,wednesday,-,16,2.5,44,6.86,240,37.44,341,53.2,641,80,44,9.36,90.64
Area,How well did we succeed today,04/05/2017,2017,May,18,04,thursday,-,11,1.69,26,4.01,217,33.44,395,60.86,649,84,55,5.7,94.3
Area,How well did we succeed today,05/05/2017,2017,May,18,05,friday,-,6,1.01,32,5.37,170,28.52,388,65.1,596,86,59,6.38,93.62
Area,How well did we succeed today,08/05/2017,2017,May,19,08,monday,-,14,2.43,29,5.03,228,39.51,306,53.03,577,81,46,7.45,92.55
Area,How well did we succeed today,09/05/2017,2017,May,19,09,tuesday,-,13,2.17,35,5.85,212,35.45,338,56.52,598,82,48,8.03,91.97
Area,How well did we succeed today,10/05/2017,2017,May,19,10,wednesday,-,9,1.44,26,4.16,221,35.36,369,59.04,625,84,53,5.6,94.4
Area,How well did we succeed today,11/05/2017,2017,May,19,11,thursday,-,15,2.65,20,3.54,168,29.73,362,64.07,565,85,58,6.19,93.81
Area,How well did we succeed today,12/05/2017,2017,May,19,12,friday,-,19,3.89,23,4.7,170,34.76,277,56.65,489,81,48,8.59,91.41
Area,How well did we succeed today,15/05/2017,2017,May,20,15,monday,-,8,1.53,21,4.02,199,38.05,295,56.41,523,83,51,5.54,94.46
Area,How well did we succeed today,16/05/2017,2017,May,20,16,tuesday,-,9,1.69,26,4.9,183,34.46,313,58.95,531,84,52,6.59,93.41
Area,How well did we succeed today,17/05/2017,2017,May,20,17,wednesday,-,6,1.16,23,4.43,188,36.22,302,58.19,519,84,53,5.59,94.41
Area,How well did we succeed today,18/05/2017,2017,May,20,18,thursday,-,7,1.31,39,7.29,166,31.03,323,60.37,535,83,52,8.6,91.4
Area,How well did we succeed today,19/05/2017,2017,May,20,19,friday,-,9,1.88,23,4.81,136,28.45,310,64.85,478,85,58,6.69,93.31
Area,How well did we succeed today,22/05/2017,2017,May,21,22,monday,-,28,5.74,27,5.53,172,35.25,261,53.48,488,79,42,11.27,88.73
Area,How well did we succeed today,23/05/2017,2017,May,21,23,tuesday,-,6,1.31,22,4.81,155,33.92,274,59.96,457,84,54,6.13,93.87
Area,How well did we succeed today,24/05/2017,2017,May,21,24,wednesday,-,14,3.08,29,6.39,145,31.94,266,58.59,454,82,49,9.47,90.53
Area,How well did we succeed today,26/05/2017,2017,May,21,26,friday,-,13,4.01,29,8.95,110,33.95,172,53.09,324,79,40,12.96,87.04
Area,How well did we succeed today,29/05/2017,2017,May,22,29,monday,-,7,1.53,20,4.37,174,37.99,257,56.11,458,83,50,5.9,94.1
Area,How well did we succeed today,30/05/2017,2017,May,22,30,tuesday,-,7,1.59,15,3.41,170,38.64,248,56.36,440,83,51,5,95
Area,How well did we succeed today,31/05/2017,2017,May,22,31,wednesday,-,8,1.96,15,3.68,138,33.82,247,60.54,408,84,55,5.64,94.36
Area,How well did we succeed today,01/06/2017,2017,June,22,01,thursday,-,10,2.34,23,5.39,154,36.07,240,56.21,427,82,48,7.73,92.27
Area,How well did we succeed today,02/06/2017,2017,June,22,02,friday,-,6,1.49,13,3.23,160,39.8,223,55.47,402,83,51,4.73,95.27
Area,How well did we succeed today,05/06/2017,2017,June,23,05,monday,-,30,6.12,27,5.51,156,31.84,277,56.53,490,80,45,11.63,88.37
Area,How well did we succeed today,06/06/2017,2017,June,23,06,tuesday,-,36,6.36,51,9.01,197,34.81,282,49.82,566,76,34,15.37,84.63
Area,How well did we succeed today,07/06/2017,2017,June,23,07,wednesday,-,35,6.47,38,7.02,167,30.87,301,55.64,541,79,42,13.49,86.51
Area,How well did we succeed today,08/06/2017,2017,June,23,08,thursday,-,29,5.79,40,7.98,164,32.73,268,53.49,501,78,40,13.77,86.23
Area,How well did we succeed today,09/06/2017,2017,June,23,09,friday,-,38,6.44,34,5.76,186,31.53,332,56.27,590,79,44,12.2,87.8
Area,How well did we succeed today,12/06/2017,2017,June,24,12,monday,-,27,5.25,53,10.31,176,34.24,258,50.19,514,76,35,15.56,84.44
Area,How well did we succeed today,13/06/2017,2017,June,24,13,tuesday,-,28,6.01,25,5.36,160,34.33,253,54.29,466,79,43,11.37,88.63
Area,How well did we succeed today,14/06/2017,2017,June,24,14,wednesday,-,31,5.84,54,10.17,160,30.13,286,53.86,531,77,38,16.01,83.99
Area,How well did we succeed today,15/06/2017,2017,June,24,15,thursday,-,26,5.44,40,8.37,136,28.45,276,57.74,478,79,44,13.81,86.19
Area,How well did we succeed today,16/06/2017,2017,June,24,16,friday,-,28,5.19,30,5.57,145,26.9,336,62.34,539,82,52,10.76,89.24
Area,How well did we succeed today,19/06/2017,2017,June,25,19,monday,-,9,2.46,29,7.92,141,38.52,187,51.09,366,79,41,10.38,89.62
Area,How well did we succeed today,20/06/2017,2017,June,25,20,tuesday,-,12,3.25,28,7.59,143,38.75,186,50.41,369,79,40,10.84,89.16
Area,How well did we succeed today,21/06/2017,2017,June,25,21,wednesday,-,14,4.06,20,5.8,140,40.58,171,49.57,345,79,40,9.86,90.14
Area,How well did we succeed today,22/06/2017,2017,June,25,22,thursday,-,6,1.99,22,7.28,99,32.78,175,57.95,302,82,49,9.27,90.73
Area,How well did we succeed today,26/06/2017,2017,June,26,26,monday,-,18,8.37,19,8.84,76,35.35,102,47.44,215,74,30,17.21,82.79
Area,How well did we succeed today,27/06/2017,2017,June,26,27,tuesday,-,10,3.75,10,3.75,99,37.08,148,55.43,267,81,48,7.49,92.51
Area,How well did we succeed today,28/06/2017,2017,June,26,28,wednesday,-,12,4.51,15,5.64,105,39.47,134,50.38,266,79,40,10.15,89.85
Area,How well did we succeed today,29/06/2017,2017,June,26,29,thursday,-,12,5.69,10,4.74,75,35.55,114,54.03,211,79,44,10.43,89.57
Area,How well did we succeed today,30/06/2017,2017,June,26,30,friday,-,8,4.12,10,5.15,71,36.6,105,54.12,194,80,45,9.28,90.72
Area,How well did we succeed today,03/07/2017,2017,July,27,03,monday,-,10,5.41,12,6.49,80,43.24,83,44.86,185,76,33,11.89,88.11
Area,How well did we succeed today,04/07/2017,2017,July,27,04,tuesday,-,10,5.65,9,5.08,70,39.55,88,49.72,177,78,39,10.73,89.27
Area,How well did we succeed today,05/07/2017,2017,July,27,05,wednesday,-,13,6.81,23,12.04,72,37.7,83,43.46,191,73,25,18.85,81.15
Area,How well did we succeed today,06/07/2017,2017,July,27,06,thursday,-,7,3.63,9,4.66,80,41.45,97,50.26,193,79,42,8.29,91.71
Area,How well did we succeed today,07/07/2017,2017,July,27,07,friday,-,7,4.7,11,7.38,65,43.62,66,44.3,149,76,32,12.08,87.92
Area,How well did we succeed today,10/07/2017,2017,July,28,10,monday,-,7,5.3,13,9.85,50,37.88,62,46.97,132,76,32,15.15,84.85
Area,How well did we succeed today,11/07/2017,2017,July,28,11,tuesday,-,15,12.4,10,8.26,40,33.06,56,46.28,121,71,26,20.66,79.34
Area,How well did we succeed today,12/07/2017,2017,July,28,12,wednesday,-,5,3.57,17,12.14,56,40,62,44.29,140,75,29,15.71,84.29
Area,How well did we succeed today,13/07/2017,2017,July,28,13,thursday,-,4,3.08,18,13.85,41,31.54,67,51.54,130,77,35,16.92,83.08
Area,How well did we succeed today,14/07/2017,2017,July,28,14,friday,-,8,5.84,9,6.57,51,37.23,69,50.36,137,77,38,12.41,87.59
Area,How well did we succeed today,17/07/2017,2017,July,29,17,monday,-,7,4.29,12,7.36,64,39.26,80,49.08,163,78,37,11.66,88.34
Area,How well did we succeed today,18/07/2017,2017,July,29,18,tuesday,-,4,2.8,8,5.59,59,41.26,72,50.35,143,80,42,8.39,91.61
Area,How well did we succeed today,19/07/2017,2017,July,29,19,wednesday,-,5,3.31,10,6.62,55,36.42,81,53.64,151,80,44,9.93,90.07
Area,How well did we succeed today,20/07/2017,2017,July,29,20,thursday,-,3,2.01,11,7.38,49,32.89,86,57.72,149,82,48,9.4,90.6
Area,How well did we succeed today,21/07/2017,2017,July,29,21,friday,-,2,1.48,6,4.44,48,35.56,79,58.52,135,84,53,5.93,94.07
Area,How well did we succeed today,24/07/2017,2017,July,30,24,monday,-,9,5.52,7,4.29,65,39.88,82,50.31,163,78,40,9.82,90.18
Area,How well did we succeed today,25/07/2017,2017,July,30,25,tuesday,-,13,7.56,7,4.07,59,34.3,93,54.07,172,78,42,11.63,88.37
Area,How well did we succeed today,26/07/2017,2017,July,30,26,wednesday,-,8,5.13,11,7.05,61,39.1,76,48.72,156,77,37,12.18,87.82
Area,How well did we succeed today,27/07/2017,2017,July,30,27,thursday,-,5,2.86,10,5.71,61,34.86,99,56.57,175,82,48,8.57,91.43
Area,How well did we succeed today,28/07/2017,2017,July,30,28,friday,-,6,3.37,10,5.62,61,34.27,101,56.74,178,81,48,8.99,91.01
Area,How well did we succeed today,31/07/2017,2017,July,31,31,monday,-,20,8.51,10,4.26,92,39.15,113,48.09,235,76,35,12.77,87.23
Area,How well did we succeed today,01/08/2017,2017,August,31,01,tuesday,-,8,3.52,10,4.41,79,34.8,130,57.27,227,82,49,7.93,92.07
Area,How well did we succeed today,02/08/2017,2017,August,31,02,wednesday,-,12,4.88,16,6.5,88,35.77,130,52.85,246,79,41,11.38,88.62
Area,How well did we succeed today,03/08/2017,2017,August,31,03,thursday,-,19,6.91,34,12.36,97,35.27,125,45.45,275,73,26,19.27,80.73
Area,How well did we succeed today,04/08/2017,2017,August,31,04,friday,-,14,5.09,16,5.82,84,30.55,161,58.55,275,81,48,10.91,89.09
Area,How well did we succeed today,07/08/2017,2017,August,32,07,monday,-,16,6.18,32,12.36,104,40.15,107,41.31,259,72,23,18.53,81.47
Area,How well did we succeed today,08/08/2017,2017,August,32,08,tuesday,-,12,4.2,31,10.84,90,31.47,153,53.5,286,78,38,15.03,84.97
Area,How well did we succeed today,09/08/2017,2017,August,32,09,wednesday,-,8,3.19,18,7.17,94,37.45,131,52.19,251,80,42,10.36,89.64
Area,How well did we succeed today,10/08/2017,2017,August,32,10,thursday,-,8,2.87,20,7.17,114,40.86,137,49.1,279,79,39,10.04,89.96
Area,How well did we succeed today,11/08/2017,2017,August,32,11,friday,-,4,1.59,12,4.78,109,43.43,126,50.2,251,81,44,6.37,93.63
Area,How well did we succeed today,14/08/2017,2017,August,33,14,monday,-,8,2.94,26,9.56,98,36.03,140,51.47,272,79,39,12.5,87.5
Area,How well did we succeed today,15/08/2017,2017,August,33,15,tuesday,-,11,3.77,10,3.42,122,41.78,149,51.03,292,80,44,7.19,92.81
Area,How well did we succeed today,16/08/2017,2017,August,33,16,wednesday,-,12,4.03,21,7.05,115,38.59,150,50.34,298,78,39,11.07,88.93
Area,How well did we succeed today,17/08/2017,2017,August,33,17,thursday,-,16,5.39,19,6.4,124,41.75,138,46.46,297,76,35,11.78,88.22
Area,How well did we succeed today,18/08/2017,2017,August,33,18,friday,-,9,2.89,16,5.14,98,31.51,188,60.45,311,83,52,8.04,91.96
Area,How well did we succeed today,21/08/2017,2017,August,34,21,monday,-,8,2.5,23,7.19,142,44.38,147,45.94,320,78,36,9.69,90.31
Area,How well did we succeed today,22/08/2017,2017,August,34,22,tuesday,-,19,5.48,23,6.63,138,39.77,167,48.13,347,77,36,12.1,87.9
Area,How well did we succeed today,23/08/2017,2017,August,34,23,wednesday,-,12,3.58,26,7.76,110,32.84,187,55.82,335,80,44,11.34,88.66
Area,How well did we succeed today,24/08/2017,2017,August,34,24,thursday,-,6,2.05,17,5.8,113,38.57,157,53.58,293,81,46,7.85,92.15
Area,How well did we succeed today,25/08/2017,2017,August,34,25,friday,-,7,2.71,22,8.53,80,31.01,149,57.75,258,81,47,11.24,88.76
Area,How well did we succeed today,28/08/2017,2017,August,35,28,monday,-,10,2.16,26,5.6,168,36.21,260,56.03,464,82,48,7.76,92.24
Area,How well did we succeed today,29/08/2017,2017,August,35,29,tuesday,-,10,2.2,23,5.07,169,37.22,252,55.51,454,82,48,7.27,92.73
Area,How well did we succeed today,30/08/2017,2017,August,35,30,wednesday,-,8,1.58,20,3.94,154,30.37,325,64.1,507,86,59,5.52,94.48
Area,How well did we succeed today,31/08/2017,2017,August,35,31,thursday,-,12,2.36,25,4.91,151,29.67,321,63.06,509,84,56,7.27,92.73
Area,How well did we succeed today,01/09/2017,2017,September,35,01,friday,-,12,2.68,12,2.68,146,32.66,277,61.97,447,85,57,5.37,94.63
Area,How well did we succeed today,04/09/2017,2017,September,36,04,monday,-,10,1.62,28,4.52,198,31.99,383,61.87,619,85,56,6.14,93.86
Area,How well did we succeed today,05/09/2017,2017,September,36,05,tuesday,-,10,1.49,27,4.02,234,34.87,400,59.61,671,84,54,5.51,94.49
Area,How well did we succeed today,06/09/2017,2017,September,36,06,wednesday,-,23,3.3,41,5.87,224,32.09,410,58.74,698,82,50,9.17,90.83
Area,How well did we succeed today,07/09/2017,2017,September,36,07,thursday,-,14,1.96,33,4.61,247,34.5,422,58.94,716,83,52,6.56,93.44
Area,How well did we succeed today,08/09/2017,2017,September,36,08,friday,-,10,1.62,34,5.49,180,29.08,395,63.81,619,85,57,7.11,92.89
Area,How well did we succeed today,11/09/2017,2017,September,37,11,monday,-,18,2.53,38,5.34,238,33.47,417,58.65,711,83,51,7.88,92.12
Area,How well did we succeed today,12/09/2017,2017,September,37,12,tuesday,-,18,2.57,37,5.29,250,35.71,395,56.43,700,82,49,7.86,92.14
Area,How well did we succeed today,13/09/2017,2017,September,37,13,wednesday,-,22,2.97,43,5.8,256,34.55,420,56.68,741,82,48,8.77,91.23
Area,How well did we succeed today,14/09/2017,2017,September,37,14,thursday,-,13,1.72,26,3.45,247,32.76,468,62.07,754,85,57,5.17,94.83
Area,How well did we succeed today,15/09/2017,2017,September,37,15,friday,-,13,1.96,34,5.13,208,31.37,408,61.54,663,84,54,7.09,92.91
Area,How well did we succeed today,18/09/2017,2017,September,38,18,monday,-,13,1.75,31,4.18,249,33.6,448,60.46,741,84,55,5.94,94.06
Area,How well did we succeed today,19/09/2017,2017,September,38,19,tuesday,-,16,2.33,37,5.38,233,33.87,402,58.43,688,83,51,7.7,92.3
Area,How well did we succeed today,20/09/2017,2017,September,38,20,wednesday,-,12,1.66,26,3.6,252,34.9,432,59.83,722,84,55,5.26,94.74
Area,How well did we succeed today,21/09/2017,2017,September,38,21,thursday,-,15,2.06,34,4.68,258,35.49,420,57.77,727,83,51,6.74,93.26
Area,How well did we succeed today,22/09/2017,2017,September,38,22,friday,-,10,1.69,22,3.72,180,30.46,379,64.13,591,86,59,5.41,94.59
Area,How well did we succeed today,25/09/2017,2017,September,39,25,monday,-,15,2.05,39,5.34,280,38.36,396,54.25,730,82,47,7.4,92.6
Area,How well did we succeed today,26/09/2017,2017,September,39,26,tuesday,-,11,1.42,36,4.63,287,36.94,443,57.01,777,83,51,6.05,93.95
Area,How well did we succeed today,27/09/2017,2017,September,39,27,wednesday,-,31,3.83,57,7.05,265,32.76,456,56.37,809,81,45,10.88,89.12
Area,How well did we succeed today,28/09/2017,2017,September,39,28,thursday,-,11,1.41,37,4.75,238,30.55,493,63.29,779,85,57,6.16,93.84
Area,How well did we succeed today,29/09/2017,2017,September,39,29,friday,-,4,0.63,16,2.51,214,33.59,403,63.27,637,86,60,3.14,96.86
Area,How well did we succeed today,02/10/2017,2017,October,40,02,monday,-,21,2.63,40,5.01,261,32.71,476,59.65,798,83,52,7.64,92.36
Area,How well did we succeed today,03/10/2017,2017,October,40,03,tuesday,-,20,2.66,49,6.52,271,36.09,411,54.73,751,81,46,9.19,90.81
Area,How well did we succeed today,04/10/2017,2017,October,40,04,wednesday,-,21,2.91,37,5.13,242,33.56,421,58.39,721,82,50,8.04,91.96
Area,How well did we succeed today,05/10/2017,2017,October,40,05,thursday,-,18,2.4,45,6,248,33.07,439,58.53,750,83,50,8.4,91.6
Area,How well did we succeed today,06/10/2017,2017,October,40,06,friday,-,17,2.74,36,5.81,198,31.94,369,59.52,620,83,51,8.55,91.45
Area,How well did we succeed today,09/10/2017,2017,October,41,09,monday,-,20,2.72,38,5.18,263,35.83,413,56.27,734,82,48,7.9,92.1
Area,How well did we succeed today,10/10/2017,2017,October,41,10,tuesday,-,10,1.38,24,3.31,243,33.56,447,61.74,724,85,57,4.7,95.3
Area,How well did we succeed today,11/10/2017,2017,October,41,11,wednesday,-,14,1.86,46,6.13,247,32.89,444,59.12,751,83,51,7.99,92.01
Area,How well did we succeed today,12/10/2017,2017,October,41,12,thursday,-,14,1.97,35,4.93,244,34.37,417,58.73,710,83,52,6.9,93.1
Area,How well did we succeed today,13/10/2017,2017,October,41,13,friday,-,19,3.09,41,6.68,199,32.41,355,57.82,614,82,48,9.77,90.23
Area,How well did we succeed today,16/10/2017,2017,October,42,16,monday,-,12,1.82,27,4.1,225,34.14,395,59.94,659,84,54,5.92,94.08
Area,How well did we succeed today,17/10/2017,2017,October,42,17,tuesday,-,23,3.19,53,7.35,256,35.51,389,53.95,721,80,43,10.54,89.46
Area,How well did we succeed today,18/10/2017,2017,October,42,18,wednesday,-,20,2.73,54,7.37,255,34.79,404,55.12,733,81,45,10.1,89.9
Area,How well did we succeed today,19/10/2017,2017,October,42,19,thursday,-,18,2.58,26,3.72,255,36.53,399,57.16,698,83,51,6.3,93.7
Area,How well did we succeed today,20/10/2017,2017,October,42,20,friday,-,14,2.29,28,4.58,186,30.44,383,62.68,611,85,56,6.87,93.13
Area,How well did we succeed today,23/10/2017,2017,October,43,23,monday,-,10,1.58,22,3.48,201,31.8,399,63.13,632,85,58,5.06,94.94
Area,How well did we succeed today,24/10/2017,2017,October,43,24,tuesday,-,19,3.41,19,3.41,194,34.83,325,58.35,557,83,52,6.82,93.18
Area,How well did we succeed today,25/10/2017,2017,October,43,25,wednesday,-,11,1.82,30,4.97,197,32.62,366,60.6,604,84,54,6.79,93.21
Area,How well did we succeed today,26/10/2017,2017,October,43,26,thursday,-,8,1.33,20,3.32,194,32.23,380,63.12,602,86,58,4.65,95.35
Area,How well did we succeed today,27/10/2017,2017,October,43,27,friday,-,4,0.82,27,5.56,160,32.92,295,60.7,486,84,54,6.38,93.62
Area,How well did we succeed today,30/10/2017,2017,October,44,30,monday,-,14,1.92,24,3.29,253,34.71,438,60.08,729,84,55,5.21,94.79
Area,How well did we succeed today,31/10/2017,2017,October,44,31,tuesday,-,19,2.57,29,3.92,257,34.78,434,58.73,739,83,52,6.5,93.5
Area,How well did we succeed today,01/11/2017,2017,November,44,01,wednesday,-,25,3.44,44,6.05,230,31.64,428,58.87,727,82,49,9.49,90.51
Area,How well did we succeed today,02/11/2017,2017,November,44,02,thursday,-,13,1.68,40,5.17,272,35.14,449,58.01,774,83,51,6.85,93.15
Area,How well did we succeed today,03/11/2017,2017,November,44,03,friday,-,21,3.05,20,2.91,218,31.69,429,62.35,688,84,56,5.96,94.04
Area,How well did we succeed today,06/11/2017,2017,November,45,06,monday,-,16,2.25,27,3.79,236,33.15,433,60.81,712,84,55,6.04,93.96
Area,How well did we succeed today,07/11/2017,2017,November,45,07,tuesday,-,12,1.57,30,3.94,239,31.36,481,63.12,762,85,58,5.51,94.49
Area,How well did we succeed today,08/11/2017,2017,November,45,08,wednesday,-,16,2.12,37,4.91,254,33.69,447,59.28,754,83,52,7.03,92.97
Area,How well did we succeed today,09/11/2017,2017,November,45,09,thursday,-,12,1.53,37,4.73,251,32.1,482,61.64,782,85,55,6.27,93.73
Area,How well did we succeed today,10/11/2017,2017,November,45,10,friday,-,4,0.62,21,3.28,205,31.98,411,64.12,641,87,60,3.9,96.1
Area,How well did we succeed today,13/11/2017,2017,November,46,13,monday,-,15,2.04,40,5.43,267,36.28,414,56.25,736,82,49,7.47,92.53
Area,How well did we succeed today,14/11/2017,2017,November,46,14,tuesday,-,17,2.33,39,5.34,240,32.83,435,59.51,731,83,52,7.66,92.34
Area,How well did we succeed today,15/11/2017,2017,November,46,15,wednesday,-,14,1.94,41,5.68,244,33.8,423,58.59,722,83,51,7.62,92.38
Area,How well did we succeed today,16/11/2017,2017,November,46,16,thursday,-,16,2.13,34,4.52,235,31.25,467,62.1,752,84,55,6.65,93.35
Area,How well did we succeed today,17/11/2017,2017,November,46,17,friday,-,19,2.97,34,5.31,193,30.16,394,61.56,640,83,53,8.28,91.72
Area,How well did we succeed today,20/11/2017,2017,November,47,20,monday,-,16,2.18,39,5.32,268,36.56,410,55.93,733,82,48,7.5,92.5
Area,How well did we succeed today,21/11/2017,2017,November,47,21,tuesday,-,19,2.53,39,5.2,254,33.87,438,58.4,750,83,51,7.73,92.27
Area,How well did we succeed today,22/11/2017,2017,November,47,22,wednesday,-,23,3.19,28,3.89,224,31.11,445,61.81,720,84,55,7.08,92.92
Area,How well did we succeed today,23/11/2017,2017,November,47,23,thursday,-,13,1.74,30,4.03,236,31.68,466,62.55,745,85,57,5.77,94.23
Area,How well did we succeed today,24/11/2017,2017,November,47,24,friday,-,15,2.19,25,3.64,183,26.68,463,67.49,686,86,62,5.83,94.17
Area,How well did we succeed today,27/11/2017,2017,November,48,27,monday,-,13,1.84,61,8.64,220,31.16,412,58.36,706,82,48,10.48,89.52
Area,How well did we succeed today,28/11/2017,2017,November,48,28,tuesday,-,14,1.82,46,5.99,257,33.46,451,58.72,768,83,51,7.81,92.19
Area,How well did we succeed today,29/11/2017,2017,November,48,29,wednesday,-,12,1.64,36,4.91,228,31.11,457,62.35,733,85,56,6.55,93.45
Area,How well did we succeed today,30/11/2017,2017,November,48,30,thursday,-,16,2.12,28,3.7,244,32.28,468,61.9,756,85,56,5.82,94.18
Area,How well did we succeed today,01/12/2017,2017,December,48,01,friday,-,12,2.18,36,6.53,165,29.95,338,61.34,551,83,53,8.71,91.29
Area,How well did we succeed today,04/12/2017,2017,December,49,04,monday,-,11,1.72,25,3.9,239,37.29,366,57.1,641,83,51,5.62,94.38
Area,How well did we succeed today,05/12/2017,2017,December,49,05,tuesday,-,15,2.09,33,4.61,189,26.4,479,66.9,716,86,60,6.7,93.3
Area,How well did we succeed today,07/12/2017,2017,December,49,07,thursday,-,14,2.05,32,4.68,240,35.09,398,58.19,684,83,51,6.73,93.27
Area,How well did we succeed today,08/12/2017,2017,December,49,08,friday,-,11,1.75,29,4.63,193,30.78,394,62.84,627,85,56,6.38,93.62
Area,How well did we succeed today,11/12/2017,2017,December,50,11,monday,-,9,1.33,29,4.28,235,34.66,405,59.73,678,84,54,5.6,94.4
Area,How well did we succeed today,12/12/2017,2017,December,50,12,tuesday,-,25,3.41,27,3.68,221,30.11,461,62.81,734,84,56,7.08,92.92
Area,How well did we succeed today,13/12/2017,2017,December,50,13,wednesday,-,23,3.17,46,6.34,188,25.93,468,64.55,725,84,55,9.52,90.48
Area,How well did we succeed today,14/12/2017,2017,December,50,14,thursday,-,16,2.33,36,5.25,226,32.94,408,59.48,686,83,52,7.58,92.42
Area,How well did we succeed today,15/12/2017,2017,December,50,15,friday,-,19,3.07,33,5.33,177,28.59,390,63,619,84,55,8.4,91.6
Area,How well did we succeed today,18/12/2017,2017,December,51,18,monday,-,19,3.58,43,8.1,175,32.96,294,55.37,531,80,44,11.68,88.32
Area,How well did we succeed today,19/12/2017,2017,December,51,19,tuesday,-,12,2.37,22,4.34,158,31.16,315,62.13,507,84,55,6.71,93.29
Area,How well did we succeed today,20/12/2017,2017,December,51,20,wednesday,-,11,2.25,26,5.32,153,31.29,299,61.15,489,84,54,7.57,92.43
Area,How well did we succeed today,21/12/2017,2017,December,51,21,thursday,-,6,2.14,11,3.91,73,25.98,191,67.97,281,87,62,6.05,93.95
Area,How well did we succeed today,22/12/2017,2017,December,51,22,friday,-,6,3.85,11,7.05,45,28.85,94,60.26,156,82,49,10.9,89.1
Area,How well did we succeed today,27/12/2017,2017,December,52,27,wednesday,-,2,4.08,3,6.12,12,24.49,32,65.31,49,84,55,10.2,89.8
Area,How well did we succeed today,28/12/2017,2017,December,52,28,thursday,-,1,1.56,3,4.69,20,31.25,40,62.5,64,85,56,6.25,93.75
Area,How well did we succeed today,29/12/2017,2017,December,52,29,friday,-,1,1.43,2,2.86,19,27.14,48,68.57,70,88,64,4.29,95.71
Area,How well did we succeed today,02/01/2018,2018,January,1,02,tuesday,-,8,5.76,13,9.35,58,41.73,60,43.17,139,74,28,15.11,84.89
Area,How well did we succeed today,03/01/2018,2018,January,1,03,wednesday,-,6,4.29,11,7.86,51,36.43,72,51.43,140,78,39,12.14,87.86
Area,How well did we succeed today,04/01/2018,2018,January,1,04,thursday,-,6,3.68,7,4.29,71,43.56,79,48.47,163,79,40,7.98,92.02
Area,How well did we succeed today,05/01/2018,2018,January,1,05,friday,-,7,4.35,11,6.83,52,32.3,91,56.52,161,80,45,11.18,88.82
Area,How well did we succeed today,08/01/2018,2018,January,2,08,monday,-,1,0.41,21,8.71,93,38.59,126,52.28,241,81,43,9.13,90.87
Area,How well did we succeed today,09/01/2018,2018,January,2,09,tuesday,-,3,0.82,12,3.27,121,32.97,231,62.94,367,86,59,4.09,95.91
Area,How well did we succeed today,10/01/2018,2018,January,2,10,wednesday,-,10,2.27,28,6.35,142,32.2,261,59.18,441,83,51,8.62,91.38
Area,How well did we succeed today,11/01/2018,2018,January,2,11,thursday,-,10,2.27,29,6.59,136,30.91,265,60.23,440,83,51,8.86,91.14
Area,How well did we succeed today,12/01/2018,2018,January,2,12,friday,-,9,2.2,17,4.15,121,29.51,263,64.15,410,85,58,6.34,93.66
Area,How well did we succeed today,15/01/2018,2018,January,3,15,monday,-,9,1.34,42,6.27,237,35.37,382,57.01,670,83,49,7.61,92.39
Area,How well did we succeed today,16/01/2018,2018,January,3,16,tuesday,-,11,1.74,21,3.33,219,34.71,380,60.22,631,84,55,5.07,94.93
Area,How well did we succeed today,17/01/2018,2018,January,3,17,wednesday,-,16,2.34,50,7.31,236,34.5,382,55.85,684,81,46,9.65,90.35
Area,How well did we succeed today,18/01/2018,2018,January,3,18,thursday,-,10,1.42,32,4.55,220,31.25,442,62.78,704,85,57,5.97,94.03
Area,How well did we succeed today,19/01/2018,2018,January,3,19,friday,-,4,0.7,19,3.35,161,28.35,384,67.61,568,88,64,4.05,95.95
Area,How well did we succeed today,22/01/2018,2018,January,4,22,monday,-,9,1.38,37,5.66,220,33.64,388,59.33,654,84,52,7.03,92.97
Area,How well did we succeed today,23/01/2018,2018,January,4,23,tuesday,-,10,1.35,23,3.1,225,30.32,484,65.23,742,86,61,4.45,95.55
Area,How well did we succeed today,24/01/2018,2018,January,4,24,wednesday,-,14,2.01,33,4.74,222,31.9,427,61.35,696,84,55,6.75,93.25
Area,How well did we succeed today,25/01/2018,2018,January,4,25,thursday,-,13,1.93,32,4.76,209,31.1,418,62.2,672,85,56,6.7,93.3
Area,How well did we succeed today,26/01/2018,2018,January,4,26,friday,-,15,2.4,21,3.37,191,30.61,397,63.62,624,85,58,5.77,94.23
Area,How well did we succeed today,29/01/2018,2018,January,5,29,monday,-,11,1.72,35,5.47,216,33.75,378,59.06,640,83,52,7.19,92.81
Area,How well did we succeed today,30/01/2018,2018,January,5,30,tuesday,-,20,2.77,25,3.47,209,28.99,467,64.77,721,85,59,6.24,93.76
Area,How well did we succeed today,31/01/2018,2018,January,5,31,wednesday,-,13,1.94,20,2.98,206,30.7,432,64.38,671,86,59,4.92,95.08
Area,How well did we succeed today,01/02/2018,2018,February,5,01,thursday,-,9,1.37,25,3.8,205,31.16,419,63.68,658,86,59,5.17,94.83
Area,How well did we succeed today,02/02/2018,2018,February,5,02,friday,-,10,2.64,17,4.49,129,34.04,223,58.84,379,83,52,7.12,92.88
Area,How well did we succeed today,05/02/2018,2018,February,6,05,monday,-,10,1.58,28,4.43,192,30.38,402,63.61,632,85,58,6.01,93.99
Area,How well did we succeed today,06/02/2018,2018,February,6,06,tuesday,-,18,2.61,32,4.64,228,33.09,411,59.65,689,83,52,7.26,92.74
Area,How well did we succeed today,07/02/2018,2018,February,6,07,wednesday,-,19,2.63,34,4.71,213,29.5,456,63.16,722,84,56,7.34,92.66
Area,How well did we succeed today,08/02/2018,2018,February,6,08,thursday,-,12,1.79,30,4.46,203,30.21,427,63.54,672,85,57,6.25,93.75
Area,How well did we succeed today,09/02/2018,2018,February,6,09,friday,-,8,1.47,13,2.38,156,28.57,369,67.58,546,87,64,3.85,96.15
Area,How well did we succeed today,12/02/2018,2018,February,7,12,monday,-,15,2.28,18,2.73,227,34.45,399,60.55,659,84,56,5.01,94.99
Area,How well did we succeed today,13/02/2018,2018,February,7,13,tuesday,-,8,1.18,24,3.54,214,31.56,432,63.72,678,86,59,4.72,95.28
Area,How well did we succeed today,14/02/2018,2018,February,7,14,wednesday,-,14,2.1,22,3.29,189,28.29,443,66.32,668,86,61,5.39,94.61
Area,How well did we succeed today,15/02/2018,2018,February,7,15,thursday,-,11,1.73,24,3.78,178,28.03,422,66.46,635,86,61,5.51,94.49
Area,How well did we succeed today,16/02/2018,2018,February,7,16,friday,-,6,1.11,25,4.62,160,29.57,350,64.7,541,86,59,5.73,94.27
Area,How well did we succeed today,19/02/2018,2018,February,8,19,monday,-,21,3.43,34,5.56,201,32.84,356,58.17,612,82,49,8.99,91.01
Area,How well did we succeed today,20/02/2018,2018,February,8,20,tuesday,-,21,3.15,37,5.55,203,30.43,406,60.87,667,83,52,8.7,91.3
Area,How well did we succeed today,21/02/2018,2018,February,8,21,wednesday,-,11,1.71,27,4.19,192,29.81,414,64.29,644,86,58,5.9,94.1
Area,How well did we succeed today,22/02/2018,2018,February,8,22,thursday,-,16,2.47,29,4.47,195,30.05,409,63.02,649,85,56,6.93,93.07
Area,How well did we succeed today,23/02/2018,2018,February,8,23,friday,-,11,1.9,19,3.29,163,28.2,385,66.61,578,87,61,5.19,94.81
Area,How well did we succeed today,26/02/2018,2018,February,9,26,monday,-,14,2.46,27,4.75,189,33.27,338,59.51,568,83,52,7.22,92.78
Area,How well did we succeed today,27/02/2018,2018,February,9,27,tuesday,-,17,2.7,33,5.24,221,35.08,359,56.98,630,82,49,7.94,92.06
Area,How well did we succeed today,28/02/2018,2018,February,9,28,wednesday,-,9,2.94,15,4.9,91,29.74,191,62.42,306,84,55,7.84,92.16
Area,How well did we succeed today,01/03/2018,2018,March,9,01,thursday,-,13,1.84,19,2.7,228,32.34,445,63.12,705,86,59,4.54,95.46
Area,How well did we succeed today,02/03/2018,2018,March,9,02,friday,-,13,2.21,20,3.4,170,28.86,386,65.53,589,86,60,5.6,94.4
Area,How well did we succeed today,05/03/2018,2018,March,10,05,monday,-,11,1.96,27,4.81,197,35.12,326,58.11,561,83,51,6.77,93.23
Area,How well did we succeed today,06/03/2018,2018,March,10,06,tuesday,-,6,1.07,21,3.76,184,32.92,348,62.25,559,85,57,4.83,95.17
Area,How well did we succeed today,07/03/2018,2018,March,10,07,wednesday,-,17,2.75,25,4.05,195,31.55,381,61.65,618,84,55,6.8,93.2
Area,How well did we succeed today,08/03/2018,2018,March,10,08,thursday,-,12,2.24,22,4.1,163,30.41,339,63.25,536,85,57,6.34,93.66
Area,How well did we succeed today,09/03/2018,2018,March,10,09,friday,-,5,1.04,17,3.54,138,28.75,320,66.67,480,87,62,4.58,95.42
Area,How well did we succeed today,12/03/2018,2018,March,11,12,monday,-,17,2.58,25,3.79,203,30.76,415,62.88,660,85,57,6.36,93.64
Area,How well did we succeed today,13/03/2018,2018,March,11,13,tuesday,-,14,2.08,33,4.9,240,35.66,386,57.36,673,83,50,6.98,93.02
Area,How well did we succeed today,14/03/2018,2018,March,11,14,wednesday,-,18,2.53,22,3.09,239,33.57,433,60.81,712,84,55,5.62,94.38
Area,How well did we succeed today,15/03/2018,2018,March,11,15,thursday,-,10,1.41,27,3.8,215,30.24,459,64.56,711,86,59,5.2,94.8
Area,How well did we succeed today,16/03/2018,2018,March,11,16,friday,-,12,1.92,13,2.08,176,28.12,425,67.89,626,87,64,3.99,96.01
Area,How well did we succeed today,19/03/2018,2018,March,12,19,monday,-,20,2.84,31,4.4,238,33.76,416,59.01,705,83,52,7.23,92.77
Area,How well did we succeed today,20/03/2018,2018,March,12,20,tuesday,-,19,2.77,38,5.53,207,30.13,423,61.57,687,84,53,8.3,91.7
Area,How well did we succeed today,21/03/2018,2018,March,12,21,wednesday,-,14,1.94,22,3.06,229,31.81,455,63.19,720,85,58,5,95
Area,How well did we succeed today,22/03/2018,2018,March,12,22,thursday,-,15,2.25,28,4.19,196,29.34,429,64.22,668,85,58,6.44,93.56
Area,How well did we succeed today,23/03/2018,2018,March,12,23,friday,-,19,3.19,29,4.87,166,27.9,381,64.03,595,84,56,8.07,91.93
Area,How well did we succeed today,26/03/2018,2018,March,13,26,monday,-,14,2.14,29,4.43,227,34.71,384,58.72,654,83,52,6.57,93.43
Area,How well did we succeed today,27/03/2018,2018,March,13,27,tuesday,-,13,2,25,3.85,217,33.38,395,60.77,650,84,55,5.85,94.15
Area,How well did we succeed today,28/03/2018,2018,March,13,28,wednesday,-,15,2.22,23,3.4,232,34.32,406,60.06,676,84,54,5.62,94.38
Area,How well did we succeed today,29/03/2018,2018,March,13,29,thursday,-,18,4.48,12,2.99,127,31.59,245,60.95,402,83,53,7.46,92.54
Area,How well did we succeed today,03/04/2018,2018,April,14,03,tuesday,-,11,2.59,26,6.13,150,35.38,237,55.9,424,82,47,8.73,91.27
Area,How well did we succeed today,04/04/2018,2018,April,14,04,wednesday,-,6,1.19,23,4.55,184,36.44,292,57.82,505,84,52,5.74,94.26
Area,How well did we succeed today,05/04/2018,2018,April,14,05,thursday,-,11,1.66,20,3.02,207,31.22,425,64.1,663,86,59,4.68,95.32
Area,How well did we succeed today,06/04/2018,2018,April,14,06,friday,-,8,1.34,24,4.03,186,31.26,377,63.36,595,86,58,5.38,94.62
Area,How well did we succeed today,09/04/2018,2018,April,15,09,monday,-,7,0.99,26,3.68,238,33.71,435,61.61,706,85,57,4.67,95.33
Area,How well did we succeed today,10/04/2018,2018,April,15,10,tuesday,-,9,1.3,29,4.18,231,33.29,425,61.24,694,85,56,5.48,94.52
Area,How well did we succeed today,11/04/2018,2018,April,15,11,wednesday,-,9,1.25,21,2.92,215,29.94,473,65.88,718,87,62,4.18,95.82
Area,How well did we succeed today,12/04/2018,2018,April,15,12,thursday,-,13,1.92,20,2.96,226,33.43,417,61.69,676,85,57,4.88,95.12
Area,How well did we succeed today,13/04/2018,2018,April,15,13,friday,-,17,2.76,24,3.89,192,31.12,384,62.24,617,84,56,6.65,93.35
Area,How well did we succeed today,16/04/2018,2018,April,16,16,monday,-,10,1.55,23,3.55,262,40.49,352,54.4,647,83,49,5.1,94.9
Area,How well did we succeed today,17/04/2018,2018,April,16,17,tuesday,-,15,2.09,42,5.87,253,35.34,406,56.7,716,82,49,7.96,92.04
Area,How well did we succeed today,18/04/2018,2018,April,16,18,wednesday,-,15,2.13,30,4.26,214,30.4,445,63.21,704,85,57,6.39,93.61
Area,How well did we succeed today,19/04/2018,2018,April,16,19,thursday,-,6,0.94,17,2.67,189,29.67,425,66.72,637,87,63,3.61,96.39
Area,How well did we succeed today,20/04/2018,2018,April,16,20,friday,-,9,1.51,22,3.69,167,27.97,399,66.83,597,87,62,5.19,94.81
Area,How well did we succeed today,23/04/2018,2018,April,17,23,monday,-,8,1.19,22,3.28,229,34.18,411,61.34,670,85,57,4.48,95.52
Area,How well did we succeed today,24/04/2018,2018,April,17,24,tuesday,-,15,2.24,33,4.93,235,35.07,387,57.76,670,83,51,7.16,92.84
Area,How well did we succeed today,25/04/2018,2018,April,17,25,wednesday,-,19,2.82,35,5.19,216,32.05,404,59.94,674,83,52,8.01,91.99
Area,How well did we succeed today,26/04/2018,2018,April,17,26,thursday,-,12,1.7,34,4.82,207,29.32,453,64.16,706,85,58,6.52,93.48
Area,How well did we succeed today,27/04/2018,2018,April,17,27,friday,-,18,2.86,31,4.93,189,30.05,391,62.16,629,84,54,7.79,92.21
Area,How well did we succeed today,30/04/2018,2018,April,18,30,monday,-,5,1.25,18,4.49,122,30.42,256,63.84,401,86,58,5.74,94.26
Area,How well did we succeed today,02/05/2018,2018,May,18,02,wednesday,-,16,2.56,31,4.97,218,34.94,359,57.53,624,82,50,7.53,92.47
Area,How well did we succeed today,03/05/2018,2018,May,18,03,thursday,-,10,1.59,26,4.13,222,35.29,371,58.98,629,84,53,5.72,94.28
Area,How well did we succeed today,04/05/2018,2018,May,18,04,friday,-,9,1.49,26,4.31,181,30.02,387,64.18,603,86,58,5.8,94.2
Area,How well did we succeed today,07/05/2018,2018,May,19,07,monday,-,18,3.14,27,4.71,203,35.43,325,56.72,573,82,49,7.85,92.15
Area,How well did we succeed today,08/05/2018,2018,May,19,08,tuesday,-,15,2.73,17,3.09,192,34.91,326,59.27,550,84,53,5.82,94.18
Area,How well did we succeed today,09/05/2018,2018,May,19,09,wednesday,-,16,2.68,31,5.19,174,29.15,376,62.98,597,84,55,7.87,92.13
Area,How well did we succeed today,11/05/2018,2018,May,19,11,friday,-,13,3.46,29,7.71,131,34.84,203,53.99,376,80,43,11.17,88.83
Area,How well did we succeed today,14/05/2018,2018,May,20,14,monday,-,7,1.32,10,1.88,178,33.46,337,63.35,532,86,60,3.2,96.8
Area,How well did we succeed today,15/05/2018,2018,May,20,15,tuesday,-,7,1.46,27,5.64,164,34.24,281,58.66,479,83,52,7.1,92.9
Area,How well did we succeed today,16/05/2018,2018,May,20,16,wednesday,-,4,0.77,29,5.61,171,33.08,313,60.54,517,84,54,6.38,93.62
Area,How well did we succeed today,17/05/2018,2018,May,20,17,thursday,-,12,2.43,16,3.25,167,33.87,298,60.45,493,84,55,5.68,94.32
Area,How well did we succeed today,18/05/2018,2018,May,20,18,friday,-,3,0.6,13,2.6,157,31.4,327,65.4,500,87,62,3.2,96.8
Area,How well did we succeed today,21/05/2018,2018,May,21,21,monday,-,12,2.33,21,4.09,185,35.99,296,57.59,514,83,51,6.42,93.58
Area,How well did we succeed today,22/05/2018,2018,May,21,22,tuesday,-,10,2,24,4.81,164,32.87,301,60.32,499,84,54,6.81,93.19
Area,How well did we succeed today,23/05/2018,2018,May,21,23,wednesday,-,15,3.05,27,5.49,164,33.33,286,58.13,492,82,50,8.54,91.46
Area,How well did we succeed today,24/05/2018,2018,May,21,24,thursday,-,8,1.7,21,4.46,127,26.96,315,66.88,471,86,61,6.16,93.84
Area,How well did we succeed today,25/05/2018,2018,May,21,25,friday,-,8,1.87,12,2.8,132,30.84,276,64.49,428,86,60,4.67,95.33
Area,How well did we succeed today,28/05/2018,2018,May,22,28,monday,-,14,2.81,22,4.42,173,34.74,289,58.03,498,83,51,7.23,92.77
Area,How well did we succeed today,29/05/2018,2018,May,22,29,tuesday,-,17,3.9,16,3.67,143,32.8,260,59.63,436,83,52,7.57,92.43
Area,How well did we succeed today,30/05/2018,2018,May,22,30,wednesday,-,15,3.2,21,4.48,140,29.85,293,62.47,469,84,55,7.68,92.32
Area,How well did we succeed today,31/05/2018,2018,May,22,31,thursday,-,8,1.8,16,3.6,138,31.08,282,63.51,444,85,58,5.41,94.59
Area,How well did we succeed today,01/06/2018,2018,June,22,01,friday,-,5,1.25,10,2.51,118,29.57,266,66.67,399,87,63,3.76,96.24
Area,How well did we succeed today,04/06/2018,2018,June,23,04,monday,-,9,1.84,15,3.07,173,35.38,292,59.71,489,84,55,4.91,95.09
Area,How well did we succeed today,05/06/2018,2018,June,23,05,tuesday,-,13,2.87,18,3.97,136,30.02,286,63.13,453,84,56,6.84,93.16
Area,How well did we succeed today,06/06/2018,2018,June,23,06,wednesday,-,24,4.88,28,5.69,160,32.52,280,56.91,492,80,46,10.57,89.43
Area,How well did we succeed today,07/06/2018,2018,June,23,07,thursday,-,21,4.29,24,4.9,129,26.33,316,64.49,490,84,55,9.18,90.82
Area,How well did we succeed today,08/06/2018,2018,June,23,08,friday,-,19,3.95,21,4.37,151,31.39,290,60.29,481,83,52,8.32,91.68
Area,How well did we succeed today,11/06/2018,2018,June,24,11,monday,-,15,3.08,35,7.19,167,34.29,270,55.44,487,81,45,10.27,89.73
Area,How well did we succeed today,12/06/2018,2018,June,24,12,tuesday,-,23,4.57,21,4.17,162,32.21,297,59.05,503,82,50,8.75,91.25
Area,How well did we succeed today,13/06/2018,2018,June,24,13,wednesday,-,15,3,33,6.6,161,32.2,291,58.2,500,82,49,9.6,90.4
Area,How well did we succeed today,14/06/2018,2018,June,24,14,thursday,-,19,3.56,33,6.18,170,31.84,312,58.43,534,82,49,9.74,90.26
Area,How well did we succeed today,15/06/2018,2018,June,24,15,friday,-,16,3.39,21,4.45,145,30.72,290,61.44,472,83,54,7.84,92.16
Area,How well did we succeed today,18/06/2018,2018,June,25,18,monday,-,11,2.6,19,4.49,142,33.57,251,59.34,423,83,52,7.09,92.91
Area,How well did we succeed today,19/06/2018,2018,June,25,19,tuesday,-,6,1.3,20,4.34,161,34.92,274,59.44,461,84,54,5.64,94.36
Area,How well did we succeed today,20/06/2018,2018,June,25,20,wednesday,-,14,3.17,27,6.12,141,31.97,259,58.73,441,82,49,9.3,90.7
Area,How well did we succeed today,21/06/2018,2018,June,25,21,thursday,-,4,1.8,13,5.86,79,35.59,126,56.76,222,82,49,7.66,92.34
Area,How well did we succeed today,25/06/2018,2018,June,26,25,monday,-,9,4.35,14,6.76,101,48.79,83,40.1,207,75,29,11.11,88.89
Area,How well did we succeed today,26/06/2018,2018,June,26,26,tuesday,-,12,5.88,10,4.9,83,40.69,99,48.53,204,77,38,10.78,89.22
Area,How well did we succeed today,27/06/2018,2018,June,26,27,wednesday,-,7,2.94,14,5.88,96,40.34,121,50.84,238,80,42,8.82,91.18
Area,How well did we succeed today,28/06/2018,2018,June,26,28,thursday,-,7,3.07,12,5.26,97,42.54,112,49.12,228,79,41,8.33,91.67
Area,How well did we succeed today,29/06/2018,2018,June,26,29,friday,-,6,2.91,15,7.28,77,37.38,108,52.43,206,80,42,10.19,89.81
Area,How well did we succeed today,02/07/2018,2018,July,27,02,monday,-,3,1.76,19,11.18,65,38.24,83,48.82,170,78,36,12.94,87.06
Area,How well did we succeed today,03/07/2018,2018,July,27,03,tuesday,-,8,3.85,17,8.17,80,38.46,103,49.52,208,78,38,12.02,87.98
Area,How well did we succeed today,04/07/2018,2018,July,27,04,wednesday,-,4,1.72,19,8.19,93,40.09,116,50,232,79,40,9.91,90.09
Area,How well did we succeed today,05/07/2018,2018,July,27,05,thursday,-,12,5.91,12,5.91,84,41.38,95,46.8,203,76,35,11.82,88.18
Area,How well did we succeed today,06/07/2018,2018,July,27,06,friday,-,6,3.16,12,6.32,69,36.32,103,54.21,190,81,45,9.47,90.53
Area,How well did we succeed today,09/07/2018,2018,July,28,09,monday,-,2,1.14,9,5.11,72,40.91,93,52.84,176,82,47,6.25,93.75
Area,How well did we succeed today,10/07/2018,2018,July,28,10,tuesday,-,5,2.72,6,3.26,66,35.87,107,58.15,184,83,52,5.98,94.02
Area,How well did we succeed today,11/07/2018,2018,July,28,11,wednesday,-,2,1.19,5,2.98,58,34.52,103,61.31,168,85,57,4.17,95.83
Area,How well did we succeed today,12/07/2018,2018,July,28,12,thursday,-,3,1.8,7,4.19,62,37.13,95,56.89,167,83,51,5.99,94.01
Area,How well did we succeed today,13/07/2018,2018,July,28,13,friday,-,1,0.56,7,3.89,53,29.44,119,66.11,180,87,62,4.44,95.56
Area,How well did we succeed today,16/07/2018,2018,July,29,16,monday,-,8,4.21,13,6.84,63,33.16,106,55.79,190,80,45,11.05,88.95
Area,How well did we succeed today,17/07/2018,2018,July,29,17,tuesday,-,6,3.31,16,8.84,73,40.33,86,47.51,181,77,35,12.15,87.85
Area,How well did we succeed today,18/07/2018,2018,July,29,18,wednesday,-,8,4.4,11,6.04,48,26.37,115,63.19,182,83,53,10.44,89.56
Area,How well did we succeed today,19/07/2018,2018,July,29,19,thursday,-,10,5.85,9,5.26,60,35.09,92,53.8,171,79,43,11.11,88.89
Area,How well did we succeed today,20/07/2018,2018,July,29,20,friday,-,5,3.21,6,3.85,44,28.21,101,64.74,156,85,58,7.05,92.95
Area,How well did we succeed today,23/07/2018,2018,July,30,23,monday,-,4,2.47,7,4.32,57,35.19,94,58.02,162,83,51,6.79,93.21
Area,How well did we succeed today,24/07/2018,2018,July,30,24,tuesday,-,9,4.86,13,7.03,69,37.3,94,50.81,185,78,39,11.89,88.11
Area,How well did we succeed today,25/07/2018,2018,July,30,25,wednesday,-,5,2.54,7,3.55,78,39.59,107,54.31,197,82,48,6.09,93.91
Area,How well did we succeed today,26/07/2018,2018,July,30,26,thursday,-,5,2.55,10,5.1,62,31.63,119,60.71,196,84,53,7.65,92.35
Area,How well did we succeed today,27/07/2018,2018,July,30,27,friday,-,2,1.2,12,7.19,53,31.74,100,59.88,167,83,51,8.38,91.62
Area,How well did we succeed today,30/07/2018,2018,July,31,30,monday,-,13,6.5,18,9,76,38,93,46.5,200,75,31,15.5,84.5
Area,How well did we succeed today,31/07/2018,2018,July,31,31,tuesday,-,12,5.71,22,10.48,72,34.29,104,49.52,210,76,33,16.19,83.81
Area,How well did we succeed today,01/08/2018,2018,August,31,01,wednesday,-,14,5.74,17,6.97,86,35.25,127,52.05,244,78,39,12.7,87.3
Area,How well did we succeed today,02/08/2018,2018,August,31,02,thursday,-,9,4.13,11,5.05,73,33.49,125,57.34,218,81,48,9.17,90.83
Area,How well did we succeed today,03/08/2018,2018,August,31,03,friday,-,10,5.24,9,4.71,53,27.75,119,62.3,191,82,52,9.95,90.05
Area,How well did we succeed today,06/08/2018,2018,August,32,06,monday,-,9,6.47,5,3.6,52,37.41,73,52.52,139,79,42,10.07,89.93
Area,How well did we succeed today,07/08/2018,2018,August,32,07,tuesday,-,15,5.93,9,3.56,101,39.92,128,50.59,253,78,41,9.49,90.51
Area,How well did we succeed today,08/08/2018,2018,August,32,08,wednesday,-,18,6.69,16,5.95,87,32.34,148,55.02,269,79,42,12.64,87.36
Area,How well did we succeed today,09/08/2018,2018,August,32,09,thursday,-,9,2.58,13,3.72,126,36.1,201,57.59,349,83,51,6.3,93.7
Area,How well did we succeed today,10/08/2018,2018,August,32,10,friday,-,2,2.08,12,12.5,34,35.42,48,50,96,78,35,14.58,85.42
Area,How well did we succeed today,13/08/2018,2018,August,33,13,monday,-,3,1.37,9,4.11,71,32.42,136,62.1,219,85,57,5.48,94.52
Area,How well did we succeed today,14/08/2018,2018,August,33,14,tuesday,-,16,5.13,22,7.05,120,38.46,154,49.36,312,77,37,12.18,87.82
Area,How well did we succeed today,15/08/2018,2018,August,33,15,wednesday,-,8,2.33,14,4.07,128,37.21,194,56.4,344,83,50,6.4,93.6
Area,How well did we succeed today,16/08/2018,2018,August,33,16,thursday,-,10,3.44,17,5.84,104,35.74,160,54.98,291,81,46,9.28,90.72
Area,How well did we succeed today,17/08/2018,2018,August,33,17,friday,-,2,0.67,16,5.33,102,34,180,60,300,84,54,6,94
Area,How well did we succeed today,20/08/2018,2018,August,34,20,monday,-,4,1.23,16,4.91,118,36.2,188,57.67,326,83,52,6.13,93.87
Area,How well did we succeed today,21/08/2018,2018,August,34,21,tuesday,-,9,2.39,13,3.45,127,33.69,228,60.48,377,84,55,5.84,94.16
Area,How well did we succeed today,22/08/2018,2018,August,34,22,wednesday,-,9,2.57,24,6.86,112,32,205,58.57,350,82,49,9.43,90.57
Area,How well did we succeed today,23/08/2018,2018,August,34,23,thursday,-,10,2.51,12,3.01,151,37.84,226,56.64,399,83,51,5.51,94.49
Area,How well did we succeed today,24/08/2018,2018,August,34,24,friday,-,5,1.47,8,2.35,98,28.74,230,67.45,341,87,64,3.81,96.19
Area,How well did we succeed today,27/08/2018,2018,August,35,27,monday,-,9,1.65,16,2.94,179,32.84,341,62.57,545,85,58,4.59,95.41
Area,How well did we succeed today,28/08/2018,2018,August,35,28,tuesday,-,8,1.38,24,4.15,199,34.43,347,60.03,578,84,54,5.54,94.46
Area,How well did we succeed today,29/08/2018,2018,August,35,29,wednesday,-,4,0.75,15,2.82,156,29.38,356,67.04,531,88,63,3.58,96.42
Area,How well did we succeed today,30/08/2018,2018,August,35,30,thursday,-,8,1.17,25,3.65,190,27.78,461,67.4,684,87,63,4.82,95.18
Area,How well did we succeed today,31/08/2018,2018,August,35,31,friday,-,2,0.38,12,2.27,138,26.14,376,71.21,528,89,69,2.65,97.35
Area,How well did we succeed today,03/09/2018,2018,September,36,03,monday,-,10,1.49,27,4.02,224,33.33,411,61.16,672,85,56,5.51,94.49
Area,How well did we succeed today,04/09/2018,2018,September,36,04,tuesday,-,11,1.28,34,3.95,269,31.24,547,63.53,861,86,58,5.23,94.77
Area,How well did we succeed today,05/09/2018,2018,September,36,05,wednesday,-,14,1.66,30,3.56,251,29.77,548,65.01,843,86,60,5.22,94.78
Area,How well did we succeed today,06/09/2018,2018,September,36,06,thursday,-,12,1.32,32,3.52,280,30.77,586,64.4,910,86,60,4.84,95.16
Area,How well did we succeed today,07/09/2018,2018,September,36,07,friday,-,9,1.18,15,1.96,146,19.08,595,77.78,765,91,75,3.14,96.86
Area,How well did we succeed today,10/09/2018,2018,September,37,10,monday,-,8,0.89,37,4.12,294,32.7,560,62.29,899,85,57,5.01,94.99
Area,How well did we succeed today,11/09/2018,2018,September,37,11,tuesday,-,12,1.44,32,3.85,254,30.57,533,64.14,831,86,59,5.29,94.71
Area,How well did we succeed today,12/09/2018,2018,September,37,12,wednesday,-,11,1.15,33,3.46,297,31.13,613,64.26,954,86,60,4.61,95.39
Area,How well did we succeed today,13/09/2018,2018,September,37,13,thursday,-,12,1.41,31,3.64,239,28.05,570,66.9,852,87,62,5.05,94.95
Area,How well did we succeed today,14/09/2018,2018,September,37,14,friday,-,13,1.78,30,4.11,189,25.89,498,68.22,730,87,62,5.89,94.11
Area,How well did we succeed today,17/09/2018,2018,September,38,17,monday,-,16,1.95,36,4.38,241,29.35,528,64.31,821,85,58,6.33,93.67
Area,How well did we succeed today,18/09/2018,2018,September,38,18,tuesday,-,16,1.8,27,3.04,236,26.58,609,68.58,888,87,64,4.84,95.16
Area,How well did we succeed today,19/09/2018,2018,September,38,19,wednesday,-,10,1.13,36,4.06,264,29.8,576,65.01,886,86,60,5.19,94.81
Area,How well did we succeed today,20/09/2018,2018,September,38,20,thursday,-,15,1.86,28,3.47,235,29.16,528,65.51,806,86,60,5.33,94.67
Area,How well did we succeed today,21/09/2018,2018,September,38,21,friday,-,6,0.91,12,1.82,178,26.97,464,70.3,660,89,68,2.73,97.27
Area,How well did we succeed today,24/09/2018,2018,September,39,24,monday,-,15,1.9,35,4.42,261,33,480,60.68,791,84,54,6.32,93.68
Area,How well did we succeed today,25/09/2018,2018,September,39,25,tuesday,-,1,1.79,1,1.79,25,44.64,29,51.79,56,82,48,3.57,96.43
